approach,precision@10,recall@10,hitRate@10,coverage,diversity,usersEvaluated
random,0.007692307692307693,0.0017482517482517483,0.07692307692307693,0.03454038997214485,0.9153846153846155,13
global-popular,0.02307692307692308,0.011453619909502262,0.15384615384615385,0.002785515320334262,0.4,13
user-popular,0.007692307692307693,0.0016025641025641025,0.07692307692307693,0.03314763231197772,0.7923076923076925,13
cf-jaccard,0.015384615384615385,0.006603888956830133,0.15384615384615385,0.006685236768802228,0.46315628815628834,13
global-popular-decay,0.038461538461538464,0.018057508866332398,0.23076923076923078,0.002785515320334262,0.5,13
